CREATE TABLE CLIENTE(
    CD_CLIENTE NUMBER(5),
    NOME VARCHAR2(10) PRIMARY KEY,
    SOBRENOME VARCHAR2(30),
    ENDERECO VARCHAR2(40),
    CIDADE VARCHAR2(15),
    ESTADO CHAR(2),
    DATA_NASCIMENTO DATE,
    DATA_CADASTRO DATE,
    TELEFONE VARCHAR2(20),
    EMAIL VARCHAR(40),
    SITUACAO CHAR (1)

);

INSERT INTO CLIENTE (CD_CLIENTE, NOME, SOBRENOME, ENDERECO, CIDADE, ESTADO, DATA_NASCIMENTO, DATA_CADASTRO, TELEFONE, EMAIL, SITUACAO) 
VALUES 
(1, 'Joao', 'Silva', 'Rua A, 123', 'Cidade A', 'AA', TO_DATE('1990-JAN-01', '2004-DEC-08'), SYSDATE, '1234567890', 'joao@example.com', 'C'),
(2, 'Maria', 'Santos', 'Rua B, 456', 'Cidade B', 'BB', TO_DATE('1995-MAY-15', '2010-NOV-12'), SYSDATE, '9876543210', 'maria@example.com', 'A'),
(3, 'Carlos', 'Oliveira', 'Av. C, 789', 'Cidade C', 'CC', TO_DATE('1985-SEP-20', '2005-DES-12'), SYSDATE, '4567890123', 'carlos@example.com', 'S'),
(4, 'Ana', 'Martins', 'Rua D, 987', 'Cidade D', 'DD', TO_DATE('1992-APRI-10', '2003-APRI-12'), SYSDATE, '7890123456', 'ana@example.com', 'B'),
(5, 'Paulo', 'Almeida', 'Av. E, 654', 'Cidade E', 'EE', TO_DATE('1988-JUL-05', '2020-DEC-05'), SYSDATE, '2345678901', 'paulo@example.com', 'S');

ALTER TABLE CLIENTE
ADD CONSTRAINT PK_NOME PRIMARY KEY (NOME);

ALTER TABLE CLIENTE
ADD CONSTRAINT PK_TELEFONE PRIMARY KEY (TELEFONE);

ALTER TABLE CLIENTE
ADD CONSTRAINT PK_CIDADE PRIMARY KEY (CIDADE);

ALTER TABLE CLIENTE
ADD CONSTRAINT PK_ENDERECO PRIMARY KEY (ENDERECO);

ALTER TABLE CLIENTE
ADD CONSTRAINT PK_SOBRENOME PRIMARY KEY (SOBRENOME);

DESC CLIENTE;

 CREATE TABLE FOLHA_PAGTO(
    NR_ITEM_PAGTO NUMBER(5),
    ANO_MES VARCHAR(10),
    SALARIO NUMBER(10,2),
    COMISSAO NUMBER(10,2),
    TOTAL NUMBER(10,2),
    DESCONTO NUMBER(10,2),
    CD_FUNC NUMBER(5)
);
INSERT INTO FOLHA_PAGTO (NR_ITEM_PAGTO, ANO_MES, SALARIO, COMISSAO, TOTAL, DESCONTO, CD_FUNC) 
VALUES 
(1, '202301', 2500.00, 100.00, 2600.00, 50.00, 1),
(2, '202301', 2800.00, 120.00, 2920.00, 60.00, 2),
(3, '202301', 3000.00, 150.00, 3150.00, 70.00, 3),
(4, '202301', 2600.00, 110.00, 2710.00, 55.00, 4),
(5, '202301', 2700.00, 130.00, 2830.00, 65.00, 5);

ALTER TABLE FOLHA_PAGTO
ADD CONSTRAINT FK_CD_FUNC FOREIGN KEY (CD_FUNC) REFERENCES CLIENTE(CD_FUNC);

CREATE TABLE VENDA(
    NR_PEDIDO NUMBER(5),
    ST_PEDIDO CHAR(1),
    TIPO_PGTO VARCHAR2(10),
    DATA_PEDIDO DATE,
    CD_FUNC NUMBER(5),
    CD_CLIENTE NUMBER(5)
);

INSERT INTO VENDA (NR_PEDIDO, ST_PEDIDO, TIPO_PGTO, DATA_PEDIDO, CD_FUNC, CD_CLIENTE) 
VALUES 
(1, 'A', 'Cartao', SYSDATE, 1, 1),
(2, 'B', 'Dinheiro', SYSDATE, 2, 2),
(3, 'C', 'Boleto', SYSDATE, 3, 3),
(4, 'D', 'Cartao', SYSDATE, 4, 4),
(5, 'E', 'Dinheiro', SYSDATE, 5, 5);

ALTER TABLE VENDA
ADD CONSTRAINT FK_CD_CLIENTE FOREIGN KEY (CD_CLIENTE) REFERENCES CLIENTE(CD_CLIENTE); 

DESC VENDA;

CREATE TABLE BONUS(
NR_BONUS NUMBER(5),
QT_TEMPO_CA VARCHAR2(20),
PCT_BONUS_S NUMBER(10,2)
);

INSERT INTO BONUS (NR_BONUS, QT_TEMPO_CA, PCT_BONUS_S) 
VALUES 
(1, '12 meses', 5.00),
(2, '6 meses', 3.00),
(3, '12 meses', 4.00),
(4, '6 meses', 3.50),
(5, '12 meses', 4.50);

DESC BONUS;

CREATE TABLE FUNC_LOJA(
    CD_FUNC NUMBER(5),
    NOME VARCHAR2(10) PRIMARY KEY,
    SOBRENOME VARCHAR2(30),
    ENDERECO VARCHAR2(40),
    CIDADE VARCHAR2(15),
    ESTADO CHAR(2),
    TELEFONE VARCHAR2(20),
    SALARIO NUMBER(10,2),
    DATA_INICIO DATE,
    DATA_FIM DATE
);

INSERT INTO FUNC_LOJA (CD_FUNC, NOME, SOBRENOME, ENDERECO, CIDADE, ESTADO, TELEFONE, SALARIO, DATA_INICIO, DATA_FIM) 
VALUES 
(1, 'Func1', 'Loja1', 'Rua X, 789', 'Cidade X', 'XX', '9999999999', 3000.00, SYSDATE, NULL),
(2, 'Func2', 'Loja2', 'Rua Y, 987', 'Cidade Y', 'YY', '8888888888', 3200.00, SYSDATE, NULL),
(3, 'Func3', 'Loja3', 'Av. Z, 456', 'Cidade Z', 'ZZ', '7777777777', 3100.00, SYSDATE, NULL),
(4, 'Func4', 'Loja4', 'Av. W, 654', 'Cidade W', 'WW', '6666666666', 3300.00, SYSDATE, NULL),
(5, 'Func5', 'Loja5', 'Rua V, 321', 'Cidade V', 'VV', '5555555555', 3400.00, SYSDATE, NULL);

ALTER TABLE FUNC_LOJA
ADD CONSTRAINT PK_NOME PRIMARY KEY (NOME);

ALTER TABLE FUNC_LOJA
ADD CONSTRAINT PK_TELEFONE PRIMARY KEY (TELEFONE);

ALTER TABLE FUNC_LOJA
ADD CONSTRAINT PK_CIDADE PRIMARY KEY (CIDADE);

ALTER TABLE FUNC_LOJA
ADD CONSTRAINT PK_ENDERECO PRIMARY KEY (ENDERECO);

ALTER TABLE FUNC_LOJA
ADD CONSTRAINT PK_SOBRENOME PRIMARY KEY (SOBRENOME);

ALTER TABLE FUNC_LOJA
ADD CONSTRAINT PK_SALARIO PRIMARY KEY (SALARIO);

DESC FUNC_LOJA;

CREATE TABLE PRODUTO(
    CD_PRODUTO NUMBER(5),
    DS_PRODUTO VARCHAR2(40),
    TP_PRODUTO VARCHAR2(40),
    VALOR NUMBER(10,2)
);

INSERT INTO PRODUTO (CD_PRODUTO, DS_PRODUTO, TP_PRODUTO, VALOR) 
VALUES 
(1, 'Produto1', 'Tipo1', 100.00),
(2, 'Produto2', 'Tipo2', 150.00),
(3, 'Produto3', 'Tipo1', 120.00),
(4, 'Produto4', 'Tipo3', 200.00),
(5, 'Produto5', 'Tipo2', 250.00);

CREATE TABLE ITEM_VENDA(
    NR_ITEM_VENDA NUMBER(5),
    QTDE_ITEM NUMBER(20),
    SITUACAO_ITEM CHAR(1),
    NR_PEDIDO NUMBER(5),
    CD_PRODUTO NUMBER(5)
);

INSERT INTO ITEM_VENDA (NR_ITEM_VENDA, QTDE_ITEM, SITUACAO_ITEM, NR_PEDIDO, CD_PRODUTO) 
VALUES 
(1, 2, 'A', 1, 1),
(2, 1, 'B', 2, 2),
(3, 3, 'C', 3, 3),
(4, 2, 'D', 4, 4),
(5, 4, 'E', 5, 5);
